{
    "emotion": {
        "angry": 3.785470079876593e-09,
        "disgust": 1.0783931789313583e-14,
        "fear": 3.712685935712066e-08,
        "happy": 99.98882412843848,
        "sad": 5.9562296425815165e-06,
        "surprise": 1.1701519562446526e-06,
        "neutral": 0.011170195586646458
    },
    "dominant_emotion": "happy",
    "region": {
        "x": 77,
        "y": 48,
        "w": 74,
        "h": 74
    },
    "age": 36,
    "gender": {
        "Woman": 0.04533831379376352,
        "Man": 99.95465874671936
    },
    "dominant_gender": "Man",
    "race": {
        "asian": 63.73174786567688,
        "indian": 9.511875361204147,
        "black": 2.5787675753235817,
        "white": 3.73411662876606,
        "middle eastern": 0.7306110579520464,
        "latino hispanic": 19.71288025379181
    },
    "dominant_race": "asian"
}